,ids
0,0065_.png
1,0066_.png
2,0067_.png
3,0068_.png
4,0069_.png
5,0070_.png
6,0071_.png
7,0072_.png
8,0073_.png
9,0074_.png
10,0075_.png
11,0076_.png
12,0077_.png
13,0078_.png
14,0079_.png
15,0080_.png
16,0081_.png
17,0082_.png
18,0083_.png
19,0084_.png
20,0085_.png
21,0086_.png
22,0087_.png
23,0088_.png
24,0089_.png
25,0090_.png
26,0091_.png
27,0092_.png
28,0093_.png
29,0094_.png
30,0095_.png
31,0096_.png
32,0097_.png
33,0098_.png
34,0099_.png
35,0100_.png
36,0101_.png
37,0102_.png
38,0103_.png
39,0104_.png
40,0105_.png
41,0106_.png
42,0107_.png
43,0108_.png
44,0109_.png
45,0110_.png
46,0111_.png
47,0112_.png
48,0113_.png
49,0114_.png
50,0115_.png
51,0116_.png
52,0117_.png
53,0118_.png
54,0119_.png
55,0120_.png
56,0121_.png
57,0122_.png
58,0123_.png
59,0124_.png
60,0125_.png
61,0126_.png
62,0127_.png
63,0128_.png
64,0129_.png
65,0130_.png
66,0131_.png
67,0132_.png
68,0133_.png
69,0134_.png
70,0135_.png
71,0136_.png
72,0137_.png
73,0138_.png
74,0139_.png
75,0140_.png
76,0141_.png
77,0142_.png
78,0143_.png
79,0144_.png
80,0145_.png
81,0146_.png
82,0147_.png
83,0148_.png
84,0149_.png
85,0150_.png
86,0151_.png
87,0152_.png
88,0153_.png
89,0154_.png
90,0155_.png
91,0156_.png
92,0157_.png
93,0158_.png
94,0159_.png
95,0160_.png
96,0161_.png
97,0162_.png
98,0163_.png
99,0164_.png
100,0165_.png
101,0166_.png
102,0167_.png
103,0168_.png
104,0169_.png
105,0170_.png
106,0171_.png
107,0172_.png
108,0173_.png
109,0174_.png
110,0175_.png
111,0176_.png
112,0177_.png
113,0178_.png
114,0179_.png
115,0180_.png
116,0181_.png
117,0182_.png
118,0183_.png
119,0184_.png
120,0185_.png
121,0186_.png
122,0187_.png
123,0188_.png
124,0189_.png
125,0190_.png
126,0191_.png
127,0192_.png
128,0193_.png
129,0194_.png
130,0195_.png
131,0196_.png
132,0197_.png
133,0198_.png
134,0199_.png
135,0200_.png
136,0201_.png
137,0202_.png
138,0203_.png
139,0204_.png
140,0205_.png
141,0206_.png
142,0207_.png
143,0208_.png
144,0209_.png
145,0210_.png
146,0211_.png
147,0212_.png
148,0213_.png
149,0214_.png
150,0215_.png
151,0216_.png
152,0217_.png
153,0218_.png
154,0219_.png
155,0220_.png
156,0221_.png
157,0222_.png
158,0223_.png
159,0224_.png
160,0225_.png
161,0226_.png
162,0227_.png
163,0228_.png
164,0229_.png
165,0230_.png
166,0231_.png
167,0232_.png
168,0233_.png
169,0234_.png
170,0235_.png
171,0236_.png
172,0237_.png
173,0238_.png
174,0239_.png
175,0240_.png
176,0241_.png
177,0242_.png
178,0243_.png
179,0244_.png
180,0245_.png
181,0246_.png
182,0247_.png
183,0248_.png
184,0249_.png
185,0250_.png
186,0251_.png
187,0252_.png
188,0253_.png
189,0254_.png
190,0255_.png
191,0256_.png
192,0257_.png
193,0258_.png
194,0259_.png
195,0260_.png
196,0261_.png
197,0262_.png
198,0263_.png
199,0264_.png
200,0265_.png
201,0266_.png
202,0267_.png
203,0268_.png
204,0269_.png
205,0270_.png
206,0271_.png
207,0272_.png
208,0273_.png
209,0274_.png
210,0275_.png
211,0276_.png
212,0277_.png
213,0278_.png
214,0279_.png
215,0280_.png
216,0281_.png
217,0282_.png
218,0283_.png
219,0284_.png
220,0285_.png
221,0286_.png
222,0287_.png
223,0288_.png
224,0289_.png
225,0290_.png
226,0291_.png
227,0292_.png
228,0293_.png
229,0294_.png
230,0295_.png
231,0296_.png
232,0297_.png
233,0298_.png
234,0299_.png
235,0300_.png
236,0301_.png
237,0302_.png
238,0303_.png
239,0304_.png
240,0305_.png
241,0306_.png
242,0307_.png
243,0308_.png
244,0309_.png
245,0310_.png
246,0311_.png
247,0312_.png
248,0313_.png
249,0314_.png
250,0315_.png
251,0316_.png
252,0317_.png
253,0318_.png
254,0319_.png
255,0320_.png
256,0321_.png
257,0322_.png
258,0323_.png
259,0324_.png
260,0325_.png
261,0326_.png
262,0327_.png
263,0328_.png
264,0329_.png
265,0330_.png
266,0331_.png
267,0332_.png
268,0333_.png
269,0334_.png
270,0335_.png
271,0336_.png
272,0337_.png
273,0338_.png
274,0339_.png
275,0340_.png
276,0341_.png
277,0342_.png
278,0343_.png
279,0344_.png
280,0345_.png
281,0346_.png
282,0347_.png
283,0348_.png
284,0349_.png
285,0350_.png
286,0351_.png
287,0352_.png
288,0353_.png
289,0354_.png
290,0355_.png
291,0356_.png
292,0357_.png
293,0358_.png
294,0359_.png
295,0360_.png
296,0361_.png
297,0362_.png
298,0363_.png
299,0364_.png
300,0365_.png
301,0366_.png
302,0367_.png
303,0368_.png
304,0369_.png
305,0370_.png
306,0371_.png
307,0372_.png
308,0373_.png
309,0374_.png
310,0375_.png
311,0376_.png
312,0377_.png
313,0378_.png
314,0379_.png
315,0380_.png
316,0381_.png
317,0382_.png
318,0383_.png
319,0384_.png
320,0385_.png
321,0386_.png
322,0387_.png
323,0388_.png
324,0389_.png
325,0390_.png
326,0391_.png
327,0392_.png
328,0393_.png
329,0394_.png
330,0395_.png
331,0396_.png
332,0397_.png
333,0398_.png
334,0399_.png
335,0400_.png
336,0401_.png
337,0402_.png
338,0403_.png
339,0404_.png
340,0405_.png
341,0406_.png
342,0407_.png
343,0408_.png
344,0409_.png
345,0410_.png
346,0411_.png
347,0412_.png
348,0413_.png
349,0414_.png
350,0415_.png
351,0416_.png
352,0417_.png
353,0418_.png
354,0419_.png
355,0420_.png
356,0421_.png
357,0422_.png
358,0423_.png
359,0424_.png
360,0425_.png
361,0426_.png
362,0427_.png
363,0428_.png
364,0429_.png
365,0430_.png
366,0431_.png
367,0432_.png
368,0433_.png
369,0434_.png
370,0435_.png
371,0436_.png
372,0437_.png
373,0438_.png
374,0439_.png
375,0440_.png
376,0441_.png
377,0442_.png
378,0443_.png
379,0444_.png
380,0445_.png
381,0446_.png
382,0447_.png
383,0448_.png
384,0449_.png
385,0450_.png
386,0451_.png
387,0452_.png
388,0453_.png
389,0454_.png
390,0455_.png
391,0456_.png
392,0457_.png
393,0458_.png
394,0459_.png
395,0460_.png
396,0461_.png
397,0462_.png
398,0463_.png
399,0464_.png
400,0465_.png
401,0466_.png
402,0467_.png
403,0468_.png
404,0469_.png
405,0470_.png
406,0471_.png
407,0472_.png
408,0473_.png
409,0474_.png
410,0475_.png
411,0476_.png
412,0477_.png
413,0478_.png
414,0479_.png
415,0480_.png
416,0481_.png
417,0482_.png
418,0483_.png
419,0484_.png
420,0485_.png
421,0486_.png
422,0487_.png
423,0488_.png
424,0489_.png
425,0490_.png
426,0491_.png
427,0492_.png
428,0493_.png
429,0494_.png
430,0495_.png
431,0496_.png
432,0497_.png
433,0498_.png
434,0499_.png
435,0500_.png
436,0501_.png
437,0502_.png
438,0503_.png
439,0504_.png
440,0505_.png
441,0506_.png
442,0507_.png
443,0508_.png
444,0509_.png
445,0510_.png
446,0511_.png
447,0512_.png
448,0513_.png
449,0514_.png
450,0515_.png
451,0516_.png
452,0517_.png
453,0518_.png
454,0519_.png
455,0520_.png
456,0521_.png
457,0522_.png
458,0523_.png
459,0524_.png
460,0525_.png
461,0526_.png
462,0527_.png
463,0528_.png
464,0529_.png
465,0530_.png
466,0531_.png
467,0532_.png
468,0533_.png
469,0534_.png
470,0535_.png
471,0536_.png
472,0537_.png
473,0538_.png
474,0539_.png
475,0540_.png
476,0541_.png
477,0542_.png
478,0543_.png
479,0544_.png
480,0545_.png
481,0546_.png
482,0547_.png
483,0548_.png
484,0549_.png
485,0550_.png
486,0551_.png
487,0552_.png
488,0553_.png
489,0554_.png
490,0555_.png
491,0556_.png
492,0557_.png
493,0558_.png
494,0559_.png
495,0560_.png
496,0561_.png
497,0562_.png
498,0563_.png
499,0564_.png
500,0565_.png
501,0566_.png
502,0567_.png
503,0568_.png
504,0569_.png
505,0570_.png
506,0571_.png
507,0572_.png
508,0573_.png
509,0574_.png
510,0575_.png
511,0576_.png
512,0577_.png
513,0578_.png
514,0579_.png
515,0580_.png
516,0581_.png
517,0582_.png
518,0583_.png
519,0584_.png
520,0585_.png
521,0586_.png
522,0587_.png
523,0588_.png
524,0589_.png
525,0590_.png
526,0591_.png
527,0592_.png
528,0593_.png
529,0594_.png
530,0595_.png
531,0596_.png
532,0597_.png
533,0598_.png
534,0599_.png
535,0600_.png
536,0601_.png
537,0602_.png
538,0603_.png
539,0604_.png
540,0605_.png
541,0606_.png
542,0607_.png
543,0608_.png
544,0609_.png
545,0610_.png
546,0611_.png
547,0612_.png
548,0613_.png
549,0614_.png
550,0615_.png
551,0616_.png
552,0617_.png
553,0618_.png
554,0619_.png
555,0620_.png
556,0621_.png
557,0622_.png
558,0623_.png
559,0624_.png
560,0625_.png
561,0626_.png
562,0627_.png
563,0628_.png
564,0629_.png
565,0630_.png
566,0631_.png
567,0632_.png
568,0633_.png
569,0634_.png
570,0635_.png
571,0636_.png
572,0637_.png
573,0638_.png
574,0639_.png
575,0640_.png
576,0641_.png
577,0642_.png
578,0643_.png
579,0644_.png
580,0645_.png
581,0646_.png
582,0647_.png
583,0648_.png
584,0649_.png
585,0650_.png
586,0651_.png
587,0652_.png
588,0653_.png
589,0654_.png
590,0655_.png
591,0656_.png
592,0657_.png
593,0658_.png
594,0659_.png
595,0660_.png
596,0661_.png
597,0662_.png
598,0663_.png
599,0664_.png
600,0665_.png
601,0666_.png
602,0667_.png
603,0668_.png
604,0669_.png
605,0670_.png
606,0671_.png
607,0672_.png
608,0673_.png
609,0674_.png
610,0675_.png
611,0676_.png
612,0677_.png
613,0678_.png
614,0679_.png
615,0680_.png
616,0681_.png
617,0682_.png
618,0683_.png
619,0684_.png
620,0685_.png
621,0686_.png
622,0687_.png
623,0688_.png
624,0689_.png
625,0690_.png
626,0691_.png
627,0692_.png
628,0693_.png
629,0694_.png
630,0695_.png
631,0696_.png
632,0697_.png
633,0698_.png
634,0699_.png
635,0700_.png
636,0701_.png
637,0702_.png
638,0703_.png
639,0704_.png
640,0705_.png
641,0706_.png
642,0707_.png
643,0708_.png
644,0709_.png
645,0710_.png
646,0711_.png
647,0712_.png
648,0713_.png
649,0714_.png
650,0715_.png
651,0716_.png
652,0717_.png
653,0718_.png
654,0719_.png
655,0720_.png
656,0721_.png
657,0722_.png
658,0723_.png
659,0724_.png
660,0725_.png
661,0726_.png
662,0727_.png
663,0728_.png
664,0729_.png
665,0730_.png
666,0731_.png
667,0732_.png
668,0733_.png
669,0734_.png
670,0735_.png
671,0736_.png
672,0737_.png
673,0738_.png
674,0739_.png
675,0740_.png
676,0741_.png
677,0742_.png
678,0743_.png
679,0744_.png
680,0745_.png
681,0746_.png
682,0747_.png
683,0748_.png
684,0749_.png
685,0750_.png
686,0751_.png
687,0752_.png
688,0753_.png
689,0754_.png
690,0755_.png
691,0756_.png
692,0757_.png
693,0758_.png
694,0759_.png
695,0760_.png
696,0761_.png
697,0762_.png
698,0763_.png
699,0764_.png
700,0765_.png
701,0766_.png
702,0767_.png
703,0768_.png
704,0769_.png
705,0770_.png
706,0771_.png
707,0772_.png
708,0773_.png
709,0774_.png
710,0775_.png
711,0776_.png
712,0777_.png
713,0778_.png
714,0779_.png
715,0780_.png
716,0781_.png
717,0782_.png
718,0783_.png
719,0784_.png
720,0785_.png
721,0786_.png
722,0787_.png
723,0788_.png
724,0789_.png
725,0790_.png
726,0791_.png
727,0792_.png
728,0793_.png
729,0794_.png
730,0795_.png
731,0796_.png
732,0797_.png
733,0798_.png
734,0799_.png
735,0800_.png
736,0801_.png
737,0802_.png
738,0803_.png
739,0804_.png
740,0805_.png
741,0806_.png
742,0807_.png
743,0808_.png
744,0809_.png
745,0810_.png
746,0811_.png
747,0812_.png
748,0813_.png
749,0814_.png
750,0815_.png
751,0816_.png
752,0817_.png
753,0818_.png
754,0819_.png
755,0820_.png
756,0821_.png
757,0822_.png
758,0823_.png
759,0824_.png
760,0825_.png
761,0826_.png
762,0827_.png
763,0828_.png
764,0829_.png
765,0830_.png
766,0831_.png
767,0832_.png
768,0833_.png
769,0834_.png
770,0835_.png
771,0836_.png
772,0837_.png
773,0838_.png
774,0839_.png
775,0840_.png
776,0841_.png
777,0842_.png
778,0843_.png
779,0844_.png
780,0845_.png
781,0846_.png
782,0847_.png
783,0848_.png
784,0849_.png
785,0850_.png
786,0851_.png
787,0852_.png
788,0853_.png
789,0854_.png
790,0855_.png
791,0856_.png
792,0857_.png
793,0858_.png
794,0859_.png
795,0860_.png
796,0861_.png
797,0862_.png
798,0863_.png
799,0864_.png
800,0865_.png
801,0866_.png
802,0867_.png
803,0868_.png
804,0869_.png
805,0870_.png
806,0871_.png
807,0872_.png
808,0873_.png
809,0874_.png
810,0875_.png
811,0876_.png
812,0877_.png
813,0878_.png
814,0879_.png
815,0880_.png
816,0881_.png
817,0882_.png
818,0883_.png
819,0884_.png
820,0885_.png
821,0886_.png
822,0887_.png
823,0888_.png
824,0889_.png
825,0890_.png
826,0891_.png
827,0892_.png
828,0893_.png
829,0894_.png
830,0895_.png
831,0896_.png
832,0897_.png
833,0898_.png
834,0899_.png
